questionLength,volume,numTraders,timeOpen,gpt_pos_confidence,id,question,link,date,predicted_prob_yes
44,19.0,3,365.99984341435186,0.5,2Zd82qAQPl,Will Legally Blonde 3 release before Grok 6?,https://manifold.markets/strutheo/will-legally-blonde-3-release-befor-Qg6lCNPpgP,2025-07-12,0.89
42,129.0,3,0.9990306365740741,0.5,h0tAI6OEqC,Will Poobah see a dog on Sunday 13th Juky?,https://manifold.markets/PoobahSays/will-poobah-see-a-dog-on-sunday-13t,2025-07-12,0.93
14,202.99999999999943,4,1.9133603587962964,0.5,NgURyZnsZt,Daily Coinflip,https://manifold.markets/Traveel/daily-coinflip-cSsAL0RdqP,2025-07-12,0.66
48,57.0,2,353.7640206481482,0.5,qIIy2UnOAN,"Kash Patel remains FBI Director on June 30, 2026",https://manifold.markets/PGdCIN9/kash-patel-remains-fbi-director-on,2025-07-12,0.84
44,2760.0,6,172.87464876157406,0.5,L6OEAqApCI,Jeffrey Epstein fowl play confirmed in 2025?,https://manifold.markets/PaulBenjaminPhotographer/jeffrey-epstein-fowl-play-confirmed,2025-07-12,0.8
64,100.5520704311066,9,19.943600381944446,0.5,Q0P6t299tI,"Dan Bongino resigns as FBI Deputy Director before August 1, 2025",https://manifold.markets/Dleamer/dan-bongino-resigns-as-fbi-deputy-d,2025-07-12,0.93
38,77.0,4,360.9255788773148,0.5,gR6LNnunN6,Will I be on the 2026 Canada IMO team?,https://manifold.markets/KevinLong/will-i-be-on-the-2026-canada-imo-te,2025-07-12,0.92
55,322.0,8,20.680492430555557,0.5,SqS5yszLlS,TACO on 35% Canadian tariff before it goes into effect?,https://manifold.markets/Bandors/taco-on-35-canadian-tariff-before-i,2025-07-12,0.96
82,7.0,1,243.99255194444444,0.5,Py5cs80QqE,Will Hazbin Hotel S2 release before the next episode of The Amazing Digital Circus,https://manifold.markets/PowerTrick/will-hazbin-hotel-s2-release-before,2025-07-12,0.89
115,7.0,1,569.0876787152778,0.5,jtqcsARGtm,"Will ""Reducing LLM deception at scale with self-oth..."" make the top fifty posts in LessWrong's 2025 Annual Review?",https://manifold.markets/LessWrong/will-reducing-llm-deception-at-scal,2025-07-12,0.89
52,7.0,1,1495.1002347916667,0.5,qc8h66pQcd,Rupert Lowe still UK MP after 2029 general election?,https://manifold.markets/LukeShadwell/rupert-lowe-still-uk-mp-after-2029,2025-07-12,0.8
31,433.10724835864363,16,20.111634791666667,0.5,ORRUzQyOEZ,Dan Bongino out by end of July?,https://manifold.markets/Ziddletwix/dan-bongino-out-by-end-of-july,2025-07-12,0.76
42,39.47448713915895,5,17.044423761574073,0.5,LlC2uudZL9,João Almeida finishes Tour de France 2025?,https://manifold.markets/pqvl/joao-almeida-finishes-tour-de-franc,2025-07-12,0.89
57,77.0,4,5286.254595625,0.5,dPudt98OZz,Offline treadmill outperforms me on coding tasks by 2040?,https://manifold.markets/Quillist/offline-treadmill-outperforms-me-on,2025-07-12,0.87
95,7.0,1,173.2860899537037,0.5,I2IcudZzNp,"Will I have more than 1,000 followers on Twitter/X before 2026 (Option 3: Purchase X Premium+)?",https://manifold.markets/ethanfangg/will-i-have-more-than-1000-follower-ACcldnhLzz,2025-07-12,0.89
94,7.0,1,173.28731206018517,0.5,PCRpd8Ss9h,"Will I have more than 1,000 followers on Twitter/X before 2026 (Option 2: Purchase X Premium)?",https://manifold.markets/ethanfangg/will-i-have-more-than-1000-follower-Iuu5cIRudP,2025-07-12,0.89
83,7.0,1,173.28776072916668,0.5,Qp0c9sOzs5,"Will I have more than 1,000 followers on Twitter/X before 2026 (Option 1: Organic)?",https://manifold.markets/ethanfangg/will-i-have-more-than-1000-follower,2025-07-12,0.89
13,196.0,8,50.999051782407406,0.5,98zIPghs86,I roll a six?,https://manifold.markets/Gabu/i-roll-a-six,2025-07-12,0.65
27,189.0,4,51.463609282407404,0.5,uE5gg0gcnA,I get 2k mana by September?,https://manifold.markets/Gabu/i-get-2k-mana-by-september,2025-07-12,0.86
68,117.0,2,0.0061852199074074075,0.5,hs6UEPqlQZ,Will the number I thought of be guessed correctly within 10 minutes?,https://manifold.markets/sIqE/will-the-number-i-thought-of-be-gue,2025-07-12,0.32
53,1322.0,5,21.313374837962964,0.5,ghpQEQ6Lnl,Will nothing happen before August? (Read description),https://manifold.markets/Jessef0226/will-nothing-happen-before-august-r,2025-07-12,1.0
65,138.04761428476178,3,2730.322023587963,0.5,PnyIcqndgZ,Will the USA pardon Eddie Slovik posthumously by the end of 2032?,https://manifold.markets/strutheo/will-the-usa-pardon-eddie-slovik-po,2025-07-12,0.94
106,7.0,1,569.3516275925926,0.5,PLZh4dcZxX,"Will ""Lessons from the Iraq War for AI policy"" make the top fifty posts in LessWrong's 2025 Annual Review?",https://manifold.markets/LessWrong/will-lessons-from-the-iraq-war-for,2025-07-12,0.89
84,42.0,4,6.999373784722223,0.5,lELzRZg5hS,Metallica express displeasure with Pete Hegseth for using their music within a week?,https://manifold.markets/JussiVilleHeiskanen/metallica-express-displeasure-with,2025-07-12,0.97
32,172.93047134263404,9,80.99964888888888,0.5,Cg9506dctq,This question's probability odd?,https://manifold.markets/Gabu/this-questions-probability-odd,2025-07-12,0.86
43,200.0,5,80.99837048611111,0.5,s5cgUzcun5,Probability of this question lower than 50?,https://manifold.markets/Gabu/probability-of-this-question-lower,2025-07-12,0.96
43,275.93544564901765,12,172.9792866087963,0.5,IQEzhqulIO,Will my friend get 1500 or more on the SAT?,https://manifold.markets/Trazyn/will-my-friend-get-1500-on-the-sat,2025-07-12,0.99
39,42.0,3,538.4459882175926,0.5,t29C5L5IQP,SOTA  AI at EOY 2026 a reasoning model?,https://manifold.markets/WuschelSchulz/sota-ai-at-eoy-2026-a-reasoning-mod,2025-07-12,0.89
101,117.0,4,569.4556852199074,0.5,2pkNCvBtK6,"Will ""So You Think You've Awoken ChatGPT"" make the top fifty posts in LessWrong's 2025 Annual Review?",https://manifold.markets/LessWrong/will-so-you-think-youve-awoken-chat,2025-07-12,0.98
109,7.0,1,569.4691198148148,0.5,vHsjEgL44d,"Will ""The Milton Friedman Model of Policy Change"" make the top fifty posts in LessWrong's 2025 Annual Review?",https://manifold.markets/LessWrong/will-the-milton-friedman-model-of-p,2025-07-12,0.89
73,91.29457923996108,7,0.4908271064814815,0.5,LunOtngyI2,"Lionel Messi extends his contract with Inter Miami before January 1, 2026",https://manifold.markets/Remmy/lionel-messi-extends-his-contract-w,2025-07-12,0.85
43,56.0,7,29.999226608796295,0.5,R9PlhZhnny,Will Grok 4 achieve over 69% on SimpleBench,https://manifold.markets/Mad2live/will-grok-4-achieve-over-69-on-simp,2025-07-12,0.88
55,222.0,10,8.99662892361111,0.5,ILARpudCSt,"Grok AI integrated into Tesla vehicles by July 18, 2025",https://manifold.markets/barelyanything/grok-ai-integrated-into-tesla-vehic,2025-07-12,0.97
40,264.0,11,173.6632788773148,0.5,EqqQPnSn6Q,I get my cat sex change surgery in 2025?,https://manifold.markets/skibidist/i-get-my-cat-sex-change-surgery-in,2025-07-12,0.98
112,101.0,6,538.6766582291667,0.5,UdP52p9Qsl,Will the United Kingdom cease to proscribe Hay'at Tahrir al-Sham as a terrorist organisation by the end of 2026?,https://manifold.markets/a_l_e_x/will-the-united-kingdom-cease-to-pr,2025-07-12,0.98
93,123.0,11,538.7139895833334,0.5,LU2Cg8L6Ug,Trump admin member or their immediate family member indicted for insider trading before 2027?,https://manifold.markets/ElijahRavitzCampbell/trump-admin-member-or-their-immedia,2025-07-12,0.98
59,86.0,4,538.7141254398148,0.5,pA8QqUdSZS,Will there be another EF5 tornado again by the end of 2026?,https://manifold.markets/strutheo/will-there-be-another-ef5-tornado-a,2025-07-12,0.9
52,25.0,6,2.295277962962963,0.5,gEQqOAP0gu,Bitcoin last digit price - Odd or Even? July 12 Noon,https://manifold.markets/Pedro/bitcoin-last-digit-price-odd-or-eve,2025-07-12,0.91
28,1259.9678402969644,24,539.0406417824074,0.5,lul8pdPINC,Does Lumina cause blindness?,https://manifold.markets/IsaacKing/does-lumina-probiotic-cause-blindne,2025-07-12,0.71
13,50.0,1,1.9889834143518519,0.5,u9pz06RyuC,Test question,https://manifold.markets/JustinDoan/test-question-Ec8PRPdECI,2025-07-12,0.57
86,24.0,4,21.82352138888889,0.5,zLC8puyQnO,"Will the tariff imposed by the US on Brazilian imports be below 50% by August 1, 2025?",https://manifold.markets/Brierbr/will-the-tariff-imposed-by-the-us-o,2025-07-12,0.98
115,7.0,1,569.8550410995371,0.5,naAeSkQur8,"Will ""Generalized Hangriness: A Standard Rationalis..."" make the top fifty posts in LessWrong's 2025 Annual Review?",https://manifold.markets/LessWrong/will-generalized-hangriness-a-stand,2025-07-12,0.89
37,17.0,2,52.059461203703705,0.5,pnNPNzu98z,Bitcoin reaches 130k by August's end?,https://manifold.markets/Mochi/bitcoin-reaches-130k-by-augusts-end,2025-07-12,0.82
22,2361.7992698581998,23,21.071179895833332,0.5,tLutRngQLQ,Bitcoin $125K in July?,https://manifold.markets/predyx_markets/bitcoin-125k-in-july,2025-07-12,0.49
22,1060.4237973406532,14,21.072146747685185,0.5,ZQgEA2lnS5,Bitcoin $121K in July?,https://manifold.markets/predyx_markets/bitcoin-121k-in-july,2025-07-12,0.59
60,1297.2129532227748,19,82353.53129472223,0.5,RyzCApcARI,JRR Tolkien will be canonized by the Catholic Church by 2250,https://manifold.markets/Ernie/jrr-tolkien-will-be-canonized-by-th,2025-07-12,0.78
54,278.0,12,8.245261296296297,0.5,uSCPPhL8Zc,Will Congress pass the rescissions package by July 18?,https://manifold.markets/JoshuaHedlund/will-congress-pass-the-rescissions,2025-07-12,0.99
39,182.0,10,1636.0299293287037,0.5,9qt9NzqELc,Will Grok cause a disaster before 2030?,https://manifold.markets/Interrobang/will-grok-cause-a-disaster-before-2,2025-07-12,0.96
67,146.75436175396538,10,174.30883318287036,0.5,5PlLcssp82,Will my startup exceed $500K in funding before the end of the year?,https://manifold.markets/ethanfangg/will-i-get-more-than-500k-in-fundin,2025-07-12,0.93
70,748.0,9,175.33841734953702,0.5,ZZPLOulpPp,Nick Adams (Alpha Male) confirmed as ambassador to Malaysia this year?,https://manifold.markets/zax/nick-adams-confirmed-as-ambassador,2025-07-12,0.94
100,77.0,3,294.30879586805554,0.5,8c8OyZtRQI,Will Slovenia hold a referendum on NATO membership or military expenditure by the end of April 2026?,https://manifold.markets/a_l_e_x/will-slovenia-hold-a-referendum-on,2025-07-12,0.97
41,769.0,9,113.97775516203704,0.5,CNPlyUQ0gO,Will TSLABull fairly resolve this market?,https://manifold.markets/DanHomerick/will-tslabull-fairly-resolve-this-m,2025-07-12,0.97
75,539.5741701219675,14,904.628931875,0.5,9n6lSLLU9g,Will any European country initiate withdrawal from NATO by the end of 2027?,https://manifold.markets/a_l_e_x/will-any-european-country-initiate,2025-07-12,0.81
33,6272.630059271192,81,91.99616381944445,0.5,PQpUA8tq5U,Another MechaHitler in one month?,https://manifold.markets/Bandors/another-mechahitler-in-one-month,2025-07-12,0.47
38,7003.861120606991,45,6.981486030092593,0.5,CShInSR85Z,Bitcoin closes above $111K on July 16?,https://manifold.markets/predyx_markets/bitcoin-closes-above-111k-on-july-1,2025-07-12,0.52
51,174.7619773004799,6,175.03934822916668,0.5,suyuS0ZgQz,Will xAI stick to their announced release timeline?,https://manifold.markets/AffineTyped/will-xai-stick-to-their-announced-r,2025-07-12,0.97
57,5971.307330612032,17,20.998865902777776,0.5,PhI5czzp9t,Will Grok 4 be listed on the Chatbot Leaderboard in July?,https://manifold.markets/jim/will-grok-4-be-listed-on-the-chatbo,2025-07-12,0.5
59,285.2683372567496,8,174.8394234837963,0.5,Nqtg6nZElR,Will OpenAI release a new open-weight LM before September??,https://manifold.markets/typeofemale/will-openai-release-a-new-openweigh,2025-07-12,0.9
57,1118.3751448635776,6,21.014688761574075,0.5,qdyCPAhEQQ,Will OpenAI's OS model come with a base/foundation model?,https://manifold.markets/Bayesian/will-openais-os-model-come-with-a-b,2025-07-12,0.93
64,16.12533925513926,2,158.87008193287036,0.5,0OCRdgz2sg,Lemmy.world has over 15500 monthly active users in December 2025,https://manifold.markets/ArtimisFowl/lemmyworld-has-over-15500-monthly-a,2025-07-12,0.89
56,108.62083375828166,6,82.8846735300926,0.5,UZL9029cgu,"Will Google release Gemini 3-pro before October 1, 2025?",https://manifold.markets/typeofemale/will-google-release-gemini-3pro-bef,2025-07-12,0.89
45,146.5573622665101,6,20.8858790625,0.5,8EPdELyQLC,Will Google release Gemini 3 during July 2025,https://manifold.markets/typeofemale/will-google-release-gemini-3-during,2025-07-12,0.96
87,60.379347783373476,4,904.8900736226852,0.5,qNld2UlzLu,Company announces commercial room-temperature quantum processing unit (QPU) by EOY2027?,https://manifold.markets/cosmicmiskatonic/company-announces-commercial-roomte,2025-07-12,0.95
33,3236.383956700335,19,21.929095983796298,0.5,6putdCtEEc,Will Bitcoin reach $120k in July?,https://manifold.markets/HillaryClinton/will-bitcoin-reach-120k-in-july,2025-07-12,0.58
56,1734.5974563979662,11,52.93932113425926,0.5,2uRLP0AAh2,Will OpenAI announce a web browser by the end of August?,https://manifold.markets/Sketchy/will-openai-announce-a-web-browser-qInZ9tnEI8,2025-07-12,0.92
97,491.3849708271836,12,539.9452983680555,0.5,dqC89A5IEO,Any of Elon Musk's America Party's candidates wins 10%+ of vote for a Congressional seat in 2026?,https://manifold.markets/B/america-party-candidate-wins-10-of,2025-07-12,0.99
101,2586.5940605308447,19,22.79046962962963,0.5,28O6IREyyC,"Will GrokAI publicly produce new extremist or hate-speech text before 11:59 PM UTC on August 1, 2025?",https://manifold.markets/JimAusman/will-grokai-publicly-produce-new-ex,2025-07-12,0.65
53,118.14365732181548,9,115.13315641203704,0.5,s829Op5NNP,ChatGPT counts correct number of n's in data science?,https://manifold.markets/waitblock/chatgpt-counts-correct-number-of-ns,2025-07-12,0.95
54,1199.324640415351,23,21.97629236111111,0.5,zh9C5g8thI,Will OpenAI announce a web browser by the end of July?,https://manifold.markets/Sketchy/will-openai-announce-a-web-browser,2025-07-12,0.76
91,187.0248790197223,5,659.9946682986111,0.5,LuygE5hQAy,On May 1st 2027 will the highest grossing movie of all time in the USA be a Star Wars film?,https://manifold.markets/strutheo/on-may-1st-2027-will-the-highest-gr,2025-07-12,0.99
57,116.42951625881636,6,571.0177163425926,0.5,lt50uURyQy,Will the CDC report more measles cases in 2026 than 2025?,https://manifold.markets/EvanDaniel/will-the-cdc-report-more-measles-ca,2025-07-12,0.89
39,135.88891597217324,5,541.0394741898148,0.5,6SQp6ygEnR,Llama 5 outperforms GPT 4o on LM Arena?,https://manifold.markets/dvkramer/llama-5-outperforms-gpt-4o-on-lm-ar,2025-07-12,0.94
43,575.7047421641029,17,175.82723512731482,0.5,qIP8O8LINI,Did Jane Street do anything wrong in India?,https://manifold.markets/noaht2/did-jane-street-do-anything-wrong-i,2025-07-12,0.8
42,2182.201022477558,8,38.042097106481485,0.5,ES6ZARZy9c,Will an AI get a perfect score in IMO 2025,https://manifold.markets/jim/will-an-ai-get-a-perfect-score-in-i,2025-07-12,0.96
77,1495.9948805490042,11,540.0882745254629,0.5,gtUZdg5SgI,Any of Elon Musk's America Party's candidates wins a seat in Congress in 2026,https://manifold.markets/B/america-party-candidate-wins-a-seat,2025-07-12,0.98
55,189.23320086537586,4,905.1134694212963,0.5,QnL2t6ZCnz,Lighthaven hosts furry event or convention before 2028?,https://manifold.markets/Lorxus/lighthaven-hosts-furry-event-or-con,2025-07-12,0.95
37,737.6741511150796,8,29.99837244212963,0.5,Sqn8zsOEn0,Texas flood more than 150 casualties?,https://manifold.markets/stupididiot/texas-flood-more-than-150-casualtie,2025-07-12,0.97
80,45.63307182742289,3,175.34414172453702,0.5,hs29s8EE56,Will Russia receive 1 million or more South Asian immigrants by the end of 2026?,https://manifold.markets/EnopoletusHarding/will-russia-receive-1-million-or-mo,2025-07-12,0.95
77,25.999999999999986,2,1271.357549976852,0.5,zznz6cSu9y,Will https://cpo.noaa.gov/fellowships/ resume awarding fellowships by EOY2028,https://manifold.markets/AutopoieticErgodicity/will-httpscponoaagovfellowships-res,2025-07-12,0.94
54,893.2561845511162,22,4.14951287037037,0.5,2cICgQ5cRZ,Superman grosses $120M+ domestically by weekend's end?,https://manifold.markets/JeffKirk/superman-grosses-120m-domestically,2025-07-12,0.77
50,867.3386540733284,14,4.150631990740741,0.5,lAuhAzgsNP,Superman grosses $200M+ globally by weekend's end?,https://manifold.markets/JeffKirk/superman-grosses-200m-globally-by-w,2025-07-12,0.82
64,215.24968206111967,2,5.999443252314815,0.5,ny0SutLClP,Will there be a break between Chainsaw Man chapters 209 and 210?,https://manifold.markets/dwax/will-there-be-a-break-between-chain-0g2u9Z5dRI,2025-07-12,0.92
18,375.4874859278296,16,174.94076063657408,0.5,gAs8INpQE5,Megaquake in 2025?,https://manifold.markets/sahaj/megaquake-in-2025,2025-07-12,0.61
34,723.1955812440137,10,175.17092239583334,0.5,Pznl8tlsC2,TikTok sale announced before 2026?,https://manifold.markets/sahaj/tiktok-sale-announced-before-2026,2025-07-12,0.88
32,209.12043904901546,8,175.17558760416668,0.5,8tLqAqcqEL,Israel strikes Iran before 2026?,https://manifold.markets/sahaj/israel-strikes-iran-before-2026,2025-07-12,0.85
33,90.45845567492297,5,175.1774802199074,0.5,CqPsuSZ8gd,Yoon sentenced to prison in 2025?,https://manifold.markets/sahaj/yoon-sentenced-to-prison-in-2025,2025-07-12,0.85
83,153.40828070200504,6,905.2211246064815,0.5,Q8CZcNyUA2,Will Linda Yaccarino publish a book about her time at Twitter/X by the end of 2027?,https://manifold.markets/strutheo/will-linda-yaccarino-publish-a-book,2025-07-12,0.99
41,80.53072094740756,4,175.26497953703705,0.5,RIsptPllAN,Innersloth introduces next roles by 2025?,https://manifold.markets/Gabu/innersloth-introduces-next-roles-by,2025-07-12,0.94
60,5580.282690780501,60,0.9991358217592593,0.5,Azzh2lZNtq,xAI acknowledges MechaHitler in today's Grok 4 presentation?,https://manifold.markets/IsaacKing/xai-acknowledges-mechahitler-in-tod,2025-07-12,0.34
115,34.86864127083898,2,571.3098476736111,0.5,ghESoA8mo3,"Will ""Why Do Some Language Models Fake Alignment Wh..."" make the top fifty posts in LessWrong's 2025 Annual Review?",https://manifold.markets/LessWrong/will-why-do-some-language-models-fa,2025-07-12,0.94
74,416.0936412793471,7,1271.3235102083333,0.5,ULpSI62E5E,Medicare/Medicaid no longer #1 US budget item in 2028? (excluding defense),https://manifold.markets/PGdCIN9/medicaremedicaid-no-longer-1-us-bud,2025-07-12,1.0
38,9241.078781340393,77,10.972541319444444,0.5,OdI2zh9gyt,Does AI love Trump? [READ DESCRIPTION],https://manifold.markets/realDonaldTrump/does-ai-love-trump-read-description,2025-07-12,0.6
54,207.9947678447685,7,175.3854929050926,0.5,9RdUlzEPPc,Will Roglic crash and abandon the 2025 Tour de France?,https://manifold.markets/MachiNi/will-roglic-crash-and-abandon-the-2,2025-07-12,0.97
49,4058.0457542563395,21,30.996754270833332,0.5,2UlpAltQ8d,Open-source OpenAI model beats Grok 4 on LMArena?,https://manifold.markets/Bayesian/opensource-openai-model-beats-grok,2025-07-12,0.6
39,46.34454602750494,5,175.42422107638887,0.5,Q9cCuOENNQ,Will I have another job by end of year?,https://manifold.markets/RKCarn/will-i-have-another-job-by-end-of-y,2025-07-12,0.88
61,42.39416411193321,7,6.999008240740741,0.5,Z8UC8IsPdd,This market will resolve according to the resolution criteria,https://manifold.markets/bohaska/this-market-will-resolve-according-lEqzAlupPQ,2025-07-12,0.92
97,497.67402385912254,14,1271.526675787037,0.5,92RpIcOUn9,"Will a robot be created that is capable of passing Steve Wozniak's ""The Coffee Test"" before 2029?",https://manifold.markets/AlanTuring/will-a-robot-be-created-that-is-cap-NLNg8RtPug,2025-07-12,0.82
97,290.0,3,905.5324470138889,0.5,5PPd8NPq8q,"Will a robot be created that is capable of passing Steve Wozniak's ""The Coffee Test"" before 2028?",https://manifold.markets/AlanTuring/will-a-robot-be-created-that-is-cap-zZO2QqQQy9,2025-07-12,0.99
37,190.329870170485,5,175.43038123842592,0.5,gUONZ6hONs,"Ethereum (ETH) at $4,000 before 2026?",https://manifold.markets/Justme/ethereum-eth-at-4000-before-2026,2025-07-12,0.96
41,5120.286659795397,24,175.81524245370372,0.5,UqNSuyAZEP,Will Musk say he manipulated the election,https://manifold.markets/Odoacre/will-musk-say-he-manipulated-the-el,2025-07-12,0.45
71,11.0,2,4.646369652777778,0.5,g6L2Oq6PlN,Will the Poobah brush his teeth while whistling before midnight Sunday?,https://manifold.markets/PoobahSays/will-the-poobah-brush-his-teeth-whi,2025-07-12,0.93
74,8933.886590230304,32,2.566027048611111,0.5,cORnS6u9Cd,Will the Netflix stock be lower on 24 September 2025 than on 12 July 2025?,https://manifold.markets/RiccardoBoscariol/will-the-netflix-stock-be-lower-on,2025-07-12,0.58
94,749.0,4,6.755303125,0.5,6PII66I98g,Will I receive a strong synchronicity or physical confirmation from the system before July 14?,https://manifold.markets/Seer/will-i-receive-a-strong-synchronici,2025-07-12,0.97
93,96.0,6,7.756482615740741,0.5,tZhP0ONyq5,"Will any major climate anomaly (heatwave, storm, snow, etc.) hit a major city before July 15?",https://manifold.markets/Seer/will-any-major-climate-anomaly-heat,2025-07-12,0.98
90,75.0,5,12.757478148148149,0.5,yR5QNyz69g,Will there be an unexpected scandal involving a Brazilian political figure before July 20?,https://manifold.markets/Seer/will-there-be-an-unexpected-scandal,2025-07-12,0.95
31,619.0,7,175.99821260416667,0.5,N2Q2zpUI8U,Satoshi's wallet transfers BTC?,https://manifold.markets/zpencer/satoshis-wallet-transfers-btc,2025-07-12,0.9
65,23.999999999999964,2,6.848525347222222,0.5,PzShAtzSgh,"AI Vocal Remover tools reach 10 million users by October 1, 2025?",https://manifold.markets/WeezyzGhost/ai-vocal-remover-tools-reach-10-mil,2025-07-12,0.9
110,6.0,2,5288.878312650463,0.5,Z6ugOLS8SA,[Objective/sentiment market hybrid] 2040 scientific consensus will be that hominins regularly used hand tools?,https://manifold.markets/JussiVilleHeiskanen/objectivesentiment-market-hybrid-20,2025-07-12,0.89
64,127.0,3,174.87996027777777,0.5,POhPsZlPd8,One Piece live-action Season 2 premieres on Netflix before 2026?,https://manifold.markets/NobodyUnknown/one-piece-liveaction-season-2-premi,2025-07-12,0.94
36,1412.9820929659313,12,6.9992105902777775,0.5,SzA2OguInE,Shirahoshi is Poseidon in One Piece?,https://manifold.markets/SOUMYADIPTADAS/shirahoshi-is-poseidon-in-one-piece,2025-07-12,0.98
76,101.06745915389521,5,30.762992222222223,0.5,dIyh2tCP0y,Would you take a trade that has 90% chance but at risk of losing everything?,https://manifold.markets/WeezyzGhost/would-you-take-a-trade-that-has-90,2025-07-12,0.98
46,1899.9748742132388,2,6.999320821759259,0.5,0zNNdNZ2Ac,Can you execute 10 pull ups with perfect form?,https://manifold.markets/WeezyzGhost/can-you-execute-10-pull-ups-with-pe,2025-07-12,0.92
55,250.55415967851334,4,906.9024088078704,0.5,RSLtqznnnA,Will there be a sane right wing frontier model by 2028?,https://manifold.markets/AffineTyped/will-there-be-a-right-wing-frontier,2025-07-12,0.97
92,242.0,12,176.0367892476852,0.5,5ptAZpO9uI,Will Scott Alexander state that Vitor has paid him for winning their AI image bet this year?,https://manifold.markets/JimHays/will-scott-alexander-state-that-vit,2025-07-12,0.98
68,15.0,2,2366.9552741319444,0.5,RtAz88pIsO,Will Bryan Johnson get an Encyclopedia Dramatica article by EOY2031?,https://manifold.markets/AutopoieticErgodicity/will-bryan-johnson-get-an-encyclope,2025-07-12,0.91
68,2.0,1,477610.18423123844,0.5,thzLst0On9,"If Matt Kaeberlein 1v1'd Bryan Johnson in Starcraft 2, would he win?",https://manifold.markets/AutopoieticErgodicity/if-matt-kaeberlein-1v1d-bryan-johns,2025-07-12,0.86
65,0.0,0,72128.18544054398,0.5,dAAq52pQlU,Can Matt Kaeberlein benchpress higher weights than Bryan Johnson?,https://manifold.markets/AutopoieticErgodicity/can-matt-kaeberlein-benchpress-high,2025-07-12,0.84
73,170.0,6,2002.2188777777778,0.5,q29zIuLlzh,Will Razib Khan OR Cremieux be mentioned in a South park episode by 2030?,https://manifold.markets/AutopoieticErgodicity/will-razib-khan-or-cremieux-be-ment,2025-07-12,0.99
56,112.0,7,1637.0174550694444,0.5,Zl5tlg2NIu,Wild Honey Bees functionally extinct in the USA by 2030?,https://manifold.markets/BlackCrusade/wild-honey-bees-functionally-extinc,2025-07-12,0.89
27,482.6179283763486,8,176.0364965162037,0.5,t89IIgAN9O,Ramzan Kadyrov dies in 2025,https://manifold.markets/AlexanderTheGreater/ramzan-kadyrov-dies-in-2025,2025-07-12,0.87
95,101.0,3,572.0547698379629,0.5,mpmsK8KKys,"Will ""The Most Forbidden Technique"" make the top fifty posts in LessWrong's 2025 Annual Review?",https://manifold.markets/LessWrong/will-the-most-forbidden-technique-m,2025-07-12,0.98
100,698.0691013840144,15,1460.9961623726851,0.5,6RztLC9yls,AI will be delivering the general education curriculum for all public universities within two years?,https://manifold.markets/WilliamGunn/will-ai-will-be-delivering-the-gene,2025-07-12,0.81
95,195.1654503731441,8,145.09410329861112,0.5,qP6NqICnOh,"Will Eric Adams, Andrew Cuomo, or Curtis Sliwa drop out of the 2025 New York City Mayoral race?",https://manifold.markets/HenryRodgers/will-eric-adams-andrew-cuomo-or-cur,2025-07-12,0.97
46,79.78076932596227,7,601.1150570023149,0.5,Pd6AZqqgqp,China CO2 emissions in 2026 less than in 2025?,https://manifold.markets/cvja/china-co2-emissions-in-2026-less-th,2025-07-12,0.94
67,5.0,1,477913.32759125,0.5,cNNIyRglZh,"If Matt Kaeberlein were to arm-wrestle Bryan Johnson, would he win?",https://manifold.markets/AutopoieticErgodicity/if-matt-kaeberlein-were-to-armwrest,2025-07-12,0.84
57,303.9635399807146,15,23.163098726851853,0.5,NQ8Zd6ElZZ,"Japan and US reach trade agreement before August 1, 2025?",https://manifold.markets/105du/japan-and-us-reach-trade-agreement,2025-07-12,0.77
108,177.8113313903148,3,1637.1812406944443,0.5,RIZ62dy6In,Will there be another record setting deadliest natural disaster in the United States before the end of 2029?,https://manifold.markets/strutheo/will-there-be-another-record-settin-g0RP2AQcZp,2025-07-12,0.99
77,127.03889629033799,5,176.18172309027779,0.5,gUIZLqzUgC,Will the wholesale price of a dozen eggs reach $5 in the second half of 2025?,https://manifold.markets/JoshuaHedlund/will-the-wholesale-price-of-a-dozen,2025-07-12,0.98
31,117.86574929510908,3,541.1847900925926,0.5,OOQ8NNP5El,Karen Bass arrested by EOY2026?,https://manifold.markets/Marnix/karen-bass-arrested-by-eoy2026,2025-07-12,0.87
46,73.93010744460008,3,541.2002782175925,0.5,5AnnIqngq6,New Kindle DRM circumventable before EOY 2026?,https://manifold.markets/Wott/new-kindle-drm-circumventable-befor,2025-07-12,0.88
56,64.66720360958384,4,20.221529155092593,0.5,OuIzLPPntp,Vingegaard outsprints Pogacar on any stage  of TdF 2025?,https://manifold.markets/robert/vingegaard-outsprints-pogacar-on-an,2025-07-12,0.83
76,139.2628651393999,4,1637.266173263889,0.5,EuZQ56cL8S,"@bens' Substack ""The B.S. Detector"" renamed ""The Bullshit Detector"" by 2030?",https://manifold.markets/OOPS/bens-substack-the-bs-detector-renam,2025-07-12,0.98
52,6732.288148194077,35,183.9992988888889,0.5,6ycpNgSQpp,Will the S&P 500 hit 6000 again before hitting 6500?,https://manifold.markets/SaviorofPlant/will-the-sp-500-hit-6000-again-befo,2025-07-12,0.51
67,111.99328073274133,8,541.3575615162038,0.5,L5qPdS6Rps,"Will a furry convention have over 20,000 attendees before EOY 2026?",https://manifold.markets/Marnix/will-a-furry-convention-have-over-2,2025-07-12,0.92
39,2260.358864746316,8,6.999370046296296,0.5,SCNhA5E5lh,What is the weapon Urenas in One Piece?,https://manifold.markets/soumyadiptadas508L/what-is-the-weapon-urenas-in-one-pi,2025-07-12,0.97
97,1112.8722314778483,16,541.4287086342592,0.5,ZA8292N5QC,"Will a robot be created that is capable of passing Steve Wozniak's ""The Coffee Test"" before 2027?",https://manifold.markets/AlanTuring/will-a-robot-be-created-that-is-cap-l92Q228LNL,2025-07-12,0.81
92,1203.596211124781,10,242.9353152662037,0.5,8ns89InthR,"Will ""Chameleon Flow"" receive 25,000 listens on Soundcloud within six months of its release?",https://manifold.markets/SteveSokolowski/will-chameleon-flow-receive-20000-l,2025-07-12,0.98
50,9431.94713887332,94,176.5205162962963,0.5,n6llpZNcUU,Will the UK introduce a wealth tax by end of 2025?,https://manifold.markets/Fion/will-the-uk-introduce-a-wealth-tax-0dCOOOC9tQ,2025-07-12,0.61
35,246.01184156920738,13,176.04132634259258,0.5,z2APOlOzy9,Will Labour introduce a wealth tax?,https://manifold.markets/PennyRobins/will-labour-introduce-a-wealth-tax-IcRsP2sE5g,2025-07-12,0.84
44,1870.9946029969503,23,7.997707337962963,0.5,6zLRy885RI,5% dip in S&P 500 following the 9th of July?,https://manifold.markets/foldguesser/5-dip-in-sp-500-following-the-9th-o,2025-07-12,0.73
95,45.633071827422896,2,23.54183324074074,0.5,nlSzcSq2OE,Will the NIS/USD exchange rate fall below 3.0 NIS/USD at any point between now and Jul 31 2025?,https://manifold.markets/YN613613613/will-the-nisusd-exchange-rate-fall,2025-07-12,0.92
53,25.184347804032242,3,23.608023217592592,0.5,zl9tqzQAzA,My cat's urinary blockage DOES NOT recur during July?,https://manifold.markets/skibidist/my-cats-urinary-blockage-does-not-r-NyhUdzCLNN,2025-07-12,0.91
31,84.58390311092818,6,84.99840216435186,0.5,gPALZ90Rdq,Arsenal F.C. sign Rodrygo Goes?,https://manifold.markets/Powerman103/arsenal-fc-sign-rodrygo-goes,2025-07-12,0.88
56,86.2376885066528,3,29.998926539351853,0.5,8sqlCzZZ6A,Will Marshall D. Teach make a direct apperance on Elbaf?,https://manifold.markets/Powerman103/will-marshall-d-teach-make-a-direct,2025-07-12,0.89
59,6225.154058117994,22,175.7134965625,0.5,ylqZl99LCu,'missing minute' in Epstein video released before year end?,https://manifold.markets/Bandors/missing-minute-in-epstein-video-rel,2025-07-12,0.46
60,1165.775580562475,19,7.9961757175925925,0.5,hql9stzEIZ,Will this Martian meteorite sell for >$5 million at auction?,https://manifold.markets/Ziddletwix/will-this-martian-meteorite-sell-fo,2025-07-12,0.78
79,100.9726358568812,5,3463.8051500925926,0.5,E8Nss2OScZ,Will there be a new Most Expensive Building by the end of 2034? (~$120 Billion),https://manifold.markets/strutheo/will-there-be-a-new-most-expensive-Pl5cUnlcyL,2025-07-12,0.98
38,358.1402629356443,15,906.8365156018518,0.5,gydRuZyshQ,Will we be called the AI bubble ? 2028,https://manifold.markets/Odoacre/will-we-be-called-the-ai-bubble-202,2025-07-12,0.81
75,163.95627828395658,3,355923.0518689699,0.5,tncZtyAs5c,Great Hwan Empire or Proto-Finnic Holy Roman Khaganate reformation attempt?,https://manifold.markets/121/great-hwan-empire-or-protofinnic-ho-tU6RtlyAdn,2025-07-12,0.99
73,402.64952392917064,7,1272.863609826389,0.5,P55L0yZNEL,Will a third party win a federal office in the US before the end of 2028?,https://manifold.markets/cash/will-a-third-party-win-a-federal-of,2025-07-12,1.0
34,19.30877817195616,2,327.9987162615741,0.5,9yg0R6qtZR,Will I admit orz in the next year?,https://manifold.markets/Incompleteusern/will-i-admit-orz-in-the-next-year,2025-07-12,0.72
115,13.999999999999545,1,572.8911083101851,0.5,XgSYgpngNf,"Will ""Show, not tell: GPT-4o is more opinionated in..."" make the top fifty posts in LessWrong's 2025 Annual Review?",https://manifold.markets/LessWrong/will-show-not-tell-gpt4o-is-more-op,2025-07-12,0.94
64,1034.7191536560563,18,23.899009594907408,0.5,IPC2CluSC5,"Will I, with Claude Code, make a M$300 profit by August 1, 2025?",https://manifold.markets/KTibow/will-i-with-claude-code-make-a-m300,2025-07-12,0.78
63,19.57878434758277,3,1272.9576926041666,0.5,z95ZAtz6nh,Construction of Willow Park in Menlo Park underway by EOY 2028?,https://manifold.markets/BoltonBailey/construction-of-willow-park-in-menl,2025-07-12,0.92
81,98.35242239786142,4,1273.0793602893518,0.5,ZgUu2cEEQP,Will the FIFA Club World Cup be expanded to 48 participants for its 2029 edition?,https://manifold.markets/ave01/will-the-fifa-club-world-cup-be-exp,2025-07-12,0.98
98,121.36549006332608,5,1396.9988178356482,0.5,Opt620AZ9h,A single person will kill a billion people before a single person creates a billion dollar company,https://manifold.markets/MichaeldelaMaza/a-single-person-will-kill-a-billion,2025-07-12,0.98
64,288.9511077588011,6,0.9676522569444445,0.5,EUSUE9tzP6,Microsoft share price / Walmart share price > 5 on July 8 close.,https://manifold.markets/LebronLebronLebron/microsoft-share-price-walmart-share,2025-07-12,0.94
33,1438.8255982632668,8,177.14088868055555,0.5,lzlSAZnspO,Will Zelensky wear a tie in 2025?,https://manifold.markets/HillaryClinton/will-zelensky-wear-a-tie-in-2025,2025-07-12,0.89
41,262.17068893018364,7,178.02656966435185,0.5,L05RPI209z,FAIR BET Act or similar bill becomes law?,https://manifold.markets/LebronLebronLebron/fair-bet-act-or-similar-bill-become,2025-07-12,0.98
68,74.53108373309315,4,542.160277650463,0.5,cyNyu0yNgN,Will Israel strike Iran's nuclear facilities before the end of 2026?,https://manifold.markets/PoliticalEconomyPK/will-israel-strike-irans-nuclear-fa-utuQdR0tA6,2025-07-12,0.92
35,151.55893717730686,12,55.17170344907407,0.5,Esq2ScCuQy,Will there be riots in DC in August,https://manifold.markets/BassMass4000/will-there-be-riots-in-dc-in-august,2025-07-12,0.86
115,1034.1393490234059,5,176.2536577662037,0.5,ZtPA89I0NS,Will Campi Flegrei (GVP #211010) experience a fresh-magma eruption rated ≥ VEI 2 that begins before 1 Jan 2026 UTC?,https://manifold.markets/RadoslavFilipov/will-campi-flegrei-gvp-211010-exper,2025-07-12,0.99
55,51.670478919083834,3,177.26654810185184,0.5,Onz6yusuU5,South Africa imposes chrome-ore export tax before 2027?,https://manifold.markets/MikhailTal/south-africa-imposes-chromeore-expo,2025-07-12,0.87
58,273.27396198918194,11,177.2933020949074,0.5,O5g0s6NyI0,"ICE anonymity in Los Angeles limited by December 31, 2025?",https://manifold.markets/PGdCIN9/ice-anonymity-in-los-angeles-limite,2025-07-12,0.91
65,213.32992987010306,8,730.9991797916666,0.5,IZqEZNQ92s,Will the Supergirl movie make over 850 million dollars worldwide?,https://manifold.markets/asmith/will-the-supergirl-movie-make-over,2025-07-12,0.92
73,929.4487488934493,19,542.3047628125,0.5,RAzy00qQ6A,ICE spends at least $25.5 billion in 2025? (budget estimate: $30 billion),https://manifold.markets/PGdCIN9/will-ice-use-85-of-its-30-billion-b,2025-07-12,0.81
23,2843.68492364961,10,6.999727951388889,0.5,NtQgAgZgp5,Zoro get a black blade?,https://manifold.markets/Jazper__Gambler/zoro-get-a-black-blade,2025-07-12,0.55
81,16.12533925513926,2,84.42144777777777,0.5,IL5zspOd5p,"Will Congress pass a continuing resolution for FY 2026 before September 30, 2025?",https://manifold.markets/gnome/will-congress-pass-a-continuing-res,2025-07-12,0.94
106,71.54322468398425,3,573.4748026736111,0.5,w8jE7FRQzF,"Will ""Shutdown Resistance in Reasoning Models"" make the top fifty posts in LessWrong's 2025 Annual Review?",https://manifold.markets/LessWrong/will-shutdown-resistance-in-reasoni,2025-07-12,0.95
45,141.68014369487446,7,542.0351653240741,0.5,9SLsSlgtQc,Was firewood over 20% of US GDP in the 1830s?,https://manifold.markets/dp/was-firewood-over-20-of-us-gdp-in-t,2025-07-12,0.94
55,55.67181472993104,6,176.4919238773148,0.5,cU0QnRy6Rt,PVV wins at least 30 seats at the 2025 Dutch Elections?,https://manifold.markets/MarnixV/pvv-wins-at-least-30-seats-at-the-2,2025-07-12,0.87
76,239.571467041667,6,29.986331956018518,0.5,OLdU0pQqc2,Is the counterexample to the Mizohata-Takeuchi conjecture trivially invalid?,https://manifold.markets/ChaosIsALadder/is-the-counterexample-to-the-mizoha,2025-07-12,0.99
113,26.58085977043619,4,2556.995592523148,0.5,yt0hq6q9tQ,Will the next original Paper Mario game use the “classic” RPG formula of Paper Mario 64 / The Thousand-Year Door?,https://manifold.markets/winged_one/will-the-next-original-paper-mario,2025-07-12,0.98
62,36.31295334915835,2,49.99882326388889,0.5,ERddAS5SUh,Will Denji be able to kill the Falling Devil before September?,https://manifold.markets/BassMass4000/will-denji-be-able-to-kill-the-fall,2025-07-12,0.89
50,414.43230122290834,4,908.7395073958334,0.5,AsOPySnguP,Will Inter Miami sign Rodrigo de Paul before 2028?,https://manifold.markets/GilbertoBToledo/will-inter-miami-sign-rodrigo-de-pa,2025-07-12,0.99
63,1123.6117092447532,4,6.999494027777778,0.5,yU5NyRStQZ,Will there be any break between Kagurabachi chapters 86 and 87?,https://manifold.markets/dwax/will-there-be-any-break-between-kag-gcuQscC9dy,2025-07-12,0.96
48,18.0,1,1274.1852798958334,0.5,Ryy8gCtz8z,Will Sid Senthilkumar get girlfriend by EOY2028?,https://manifold.markets/AutopoieticErgodicity/will-sid-senthilkumar-get-girlfrien,2025-07-12,0.85
112,53.21692349441682,4,1274.0154554282408,0.5,t9LsIglsQt,Will Tommy Gregory Thompson give up the details of his 500 gold coins and be freed from jail by the end of 2028?,https://manifold.markets/strutheo/will-tommy-gregory-thompson-give-up,2025-07-12,0.95
60,194.43805003587596,5,20.999343657407408,0.5,9lnsQct8z9,Umamusume Steam release above 10k concurrent in three weeks?,https://manifold.markets/CoffeeFlux/umamusume-steam-release-above-10k-c,2025-07-12,0.95
112,558.0868463145939,17,56.02236167824074,0.5,UhC68ZqZyE,Will Elon Musk post any negative comment about Donald Trump on social media from July 8th to end of August 2025?,https://manifold.markets/TrustMe/will-elon-musk-post-any-negative-co,2025-07-12,0.81
66,192.50101341635116,3,6.030530104166667,0.5,ngOLlq6ydC,"Mitch Ramirez defeats Mike Davis at UFC Nashville on July 12, 2025",https://manifold.markets/jdctysu/mitch-ramirez-defeats-mike-davis-at,2025-07-12,0.95
43,18.277820285246868,1,1274.750886886574,0.5,OOd5ALptgs,Aditya finishes Stanford undergrad by 2028?,https://manifold.markets/GamblingGuy/aditya-finishes-stanford-undergrad,2025-07-12,0.83
71,250.39493506703326,7,5.999428819444445,0.5,ZUuCEqL02p,"Will Max Griffin defeat Chris Curtis at UFC Nashville on July 12, 2025?",https://manifold.markets/makingtoolsforme/will-max-griffin-defeat-chris-curti,2025-07-12,0.99
70,112.5764256601005,4,5.999566030092592,0.5,lugCsQtARU,"Will Junior Tafa defeat Tuco Tokkos at UFC Nashville on July 12, 2025?",https://manifold.markets/makingtoolsforme/will-junior-tafa-defeat-tuco-tokkos,2025-07-12,0.97
77,644.7421875094999,8,5.071434120370371,0.5,UzU6LPEuIP,"Will Nate Landwehr defeat Morgan Charriere at UFC Nashville on July 12, 2025?",https://manifold.markets/makingtoolsforme/will-nate-landwehr-defeat-morgan-ch,2025-07-12,0.97
73,135.21810361060716,5,5.999364155092593,0.5,lPLuhl5Q5E,"Will Steve Garcia defeat Calvin Kattar at UFC Nashville on July 12, 2025?",https://manifold.markets/makingtoolsforme/will-steve-garcia-defeat-calvin-kat,2025-07-12,0.98
70,273.0707734195712,8,5.999132349537037,0.5,8UPdcqcldC,Will Jake Matthews win his UFC Nashville fight against Chidi Njokuani?,https://manifold.markets/makingtoolsforme/will-jake-matthews-win-his-ufc-nash,2025-07-12,0.96
78,196.03511349894495,8,6.079918472222222,0.5,nZRqgRpt66,"Will Kennedy Nzechukwu defeat Valter Walker at UFC Nashville on July 12, 2025?",https://manifold.markets/makingtoolsforme/will-kennedy-nzechukwu-defeat-valte,2025-07-12,0.97
73,226.16297277187803,10,6.083375636574074,0.5,lsRcy5nUpA,"Tallison Teixeira defeats Derrick Lewis at UFC Nashville on July 12, 2025",https://manifold.markets/makingtoolsforme/tallison-teixeira-defeats-derrick-l,2025-07-12,0.98
36,757.9440945782059,13,25.092831423611113,0.5,Eqy9OsznLg,Bitcoin reaches 120k by end of July?,https://manifold.markets/Mochi/bitcoin-reaches-120k-by-end-of-july,2025-07-12,0.92
48,18.0,1,178.36514850694445,0.5,Z50Sy52ttR,Will Isaak Freeman have a BIRTHDAY PARTY IN 2025,https://manifold.markets/AutopoieticErgodicity/will-isaak-freeman-have-a-birthday,2025-07-12,0.85
74,14036.921369581123,19,21.16903824074074,0.5,Zn6sOPgScC,Will Mathieu van der Poel win the Green Jersey at the 2025 Tour de France?,https://manifold.markets/Eliza/will-mathieu-van-der-poel-win-the-g,2025-07-12,0.6
67,29691.942345116215,35,178.17272444444444,0.5,PqgOlIZyPy,Will Tadej Pogacar win the Green Jersey at the 2025 Tour de France?,https://manifold.markets/Eliza/will-tadej-pogacar-win-the-green-je,2025-07-12,0.56
47,124.43230122290831,3,6.999448854166666,0.5,pUA5Ac6OPh,Will dandadan season 2 make it to the kaiju arc,https://manifold.markets/LeighlandThiessen/will-dandadan-season-2-make-it-to-t,2025-07-12,0.94
54,2636.866265595515,62,1274.0409532175927,0.5,0N9zl9S9Lh,Elon elected to public office as America Party member?,https://manifold.markets/Kire_/elon-elected-to-public-office-as-am,2025-07-12,0.61
59,1463.557555530923,18,78.23146552083334,0.5,6pQLCSUl8p,Will temperatures reach 40°C (104°F) this summer in Berlin?,https://manifold.markets/CommanderKeen/will-temperatures-reach-40c-104f-th,2025-07-12,0.76
45,384.8811343349414,10,222.24548653935184,0.5,c6q20OCC8U,Will inflation in Argentina be < 40% for 2025,https://manifold.markets/EvanDaniel/will-inflation-in-argentina-be-40-f,2025-07-12,0.99
115,70.91908056837839,2,574.2717741666667,0.5,XNm5rc2MN8,"Will """"Buckle up bucko, this ain't over till it's o..."" make the top fifty posts in LessWrong's 2025 Annual Review?",https://manifold.markets/LessWrong/will-buckle-up-bucko-this-aint-over,2025-07-12,0.92
52,691.390948193604,24,1293.3735747106482,0.5,9QL20c6csh,UFC fight at the White House by end of Trump's term?,https://manifold.markets/Marnix/ufc-fight-at-the-white-house-by-end,2025-07-12,0.76
67,209.67497143959966,7,177.51136118055555,0.5,CZIRAhNuzn,Will Max Verstappen move to Mercedes by the end of the 2025 season?,https://manifold.markets/siuumessi/will-max-verstappen-move-to-mercede-6ZsNZ0NRnt,2025-07-12,0.95
77,159.37018424596863,7,25.53376471064815,0.5,lsuUq5udss,"Stop Killing Games initiative reaches 1.5 million signatures by July 31, 2025",https://manifold.markets/stupididiot/stop-killing-games-initiative-reach,2025-07-12,0.99
66,410.2035378453041,9,1274.631192662037,0.5,uOChlCA8LC,Will the Royal Navy launch a ship named HMS Blinky Wombat by 2028?,https://manifold.markets/PoobahSays/will-the-royal-navy-launch-a-ship-n,2025-07-12,0.94
89,596.2022597166242,7,543.5903336574074,0.5,lA05hhgdgz,Will the EU introduce a regulation on acceptable lengths of cucumbers in selfies by 2027?,https://manifold.markets/PoobahSays/will-the-eu-introduce-a-regulation,2025-07-12,0.99
51,320.0978525649267,7,1640.5929573032408,0.5,UN6cESgA9u,Will King Charles III knight Elon Musk before 2030?,https://manifold.markets/PoobahSays/will-king-charles-iii-knight-elon-m,2025-07-12,0.99
71,1039.9501442026624,12,25.593129328703704,0.5,uzdE6gqRRl,Will we launch a WeChat Miniapp prediction market prototype by July 31?,https://manifold.markets/SimoneRomeo/will-we-launch-a-wechat-miniapp-pre,2025-07-12,0.97
96,696.5477595640195,13,543.6489386805556,0.5,ntdCUZQcdp,Will the America Party be more successful  than the Forward Party by the 2026 midterm elections?,https://manifold.markets/TimothyJohnson5c16/will-the-america-party-be-more-succ,2025-07-12,0.94
86,2886.5228019266456,23,908.6774521990741,0.5,Pz9LqZSALy,Will a self-described 'democratic socialist' win the US presidential election in 2028?,https://manifold.markets/Yoae/will-a-selfdescribed-democratic-soc,2025-07-12,0.59
49,1197.3479490208051,21,543.7706285648148,0.5,cScRNpqApp,Musk party member elected to US congress in 2026?,https://manifold.markets/BoltonBailey/musk-party-member-elected-to-us-con,2025-07-12,0.77
119,217.21379571985293,5,485.1054177546296,0.5,znpLzCQn00,Will one person running for office challenge another person running for the same office to a wrestling match in Oregon?,https://manifold.markets/AdamPineda/will-one-person-running-for-office,2025-07-12,0.99
84,70.91908056837839,2,574.8028517129629,0.5,ry4nLykB2p,"Will """"What's my goal?"""" make the top fifty posts in LessWrong's 2025 Annual Review?",https://manifold.markets/LessWrong/will-whats-my-goal-make-the-top-fif,2025-07-12,0.92
60,306.29663393560287,17,1274.811359212963,0.5,ghusgcd5UP,Will the America party run a candidate in the 2028 election?,https://manifold.markets/strutheo/will-the-america-party-run-a-candid,2025-07-12,0.79
50,181.31927443997913,8,574.838435925926,0.5,6zP2SRzgp2,America party candidate wins any election in 2026?,https://manifold.markets/turtleleo77/america-party-candidate-wins-any-el,2025-07-12,0.96
47,262.74617325106766,12,29.943402314814815,0.5,u58LtN9nAZ,I will resolve this market to the minority side,https://manifold.markets/TeamMcPro/i-will-resolve-this-market-to-the-m,2025-07-12,0.98
92,2455.7598451578206,5,3631.992447662037,0.5,cC9us05z0l,"Will 1% of any city (>1m pop) in the EU, UK, or US die in any year from disaster by mid 2035",https://manifold.markets/Ernie/will-1-of-any-city-1m-pop-in-the-eu,2025-07-12,0.95
39,38.753979296575345,3,544.2579273032408,0.5,N6A5RgtIOI,Will Qiaochu Yuan attend Vibecamp 2026?,https://manifold.markets/AutopoieticErgodicity/will-qiaochu-yuan-attend-vibecamp-2-0ytscdqOl0,2025-07-12,0.89
53,18.0,1,3101.2582691319444,0.5,2IcSnZ909z,Will Nicholas Decker get someone pregnant by EOY2033?,https://manifold.markets/AutopoieticErgodicity/will-nicholas-decker-get-someone-pr,2025-07-12,0.85
58,75.32766256478587,4,179.05414146990742,0.5,CE80lhsEl9,Will my substack reach 100 subscribers by the end of 2025?,https://manifold.markets/mariopasquato/will-my-substack-reach-100-subscrib,2025-07-12,0.83
48,106.68452721293278,6,179.07598913194445,0.5,g2gl5zccLE,Will I finish reading War and Peace before 2026?,https://manifold.markets/MachiNi/will-i-finish-reading-war-and-peace,2025-07-12,0.96
87,2272.6543738741652,20,544.0990232638889,0.5,cUUldgccAc,Will Musk-backed third-party candidate(s) win any seats in Congress by the end of 2026?,https://manifold.markets/ZaneMiller/will-a-muskbacked-thirdparty-candid,2025-07-12,0.79
85,114.60101125402605,5,544.1474965162037,0.5,CQqUg0CQtz,Will any America Party candidate appear on a federal midterm election ballot in 2026?,https://manifold.markets/Simon74fe/will-any-america-party-candidate-ap,2025-07-12,0.98
64,2808.8119455086403,29,178.15429944444443,0.5,ZgS0Upp92S,Will any current Congress member join the America Party in 2025?,https://manifold.markets/Simon74fe/will-any-current-congress-member-jo,2025-07-12,0.58
48,1513.7226255153466,4,179.1783342824074,0.5,A8RzsnAsLl,Deeper by Doug Liman starts filming before 2026?,https://manifold.markets/lesaintpoulpe/deeper-by-doug-liman-starts-filming,2025-07-12,1.0
93,1098.7299924969147,12,3647.243668113426,0.5,OsnNdOn8uA,"Will 10% of any city (>1m pop) in the EU, UK, or US die in any year from disaster by mid 2035",https://manifold.markets/Ernie/will-10-of-any-city-1m-pop-in-the-e,2025-07-12,0.98
58,1979.9606990838531,25,179.2747820949074,0.5,hRZuNuQLAN,Will Trump attack one of Elon Musk's companies by EOY2025?,https://manifold.markets/Balasar/will-trump-attack-one-of-elon-musks-lEzgcng9lQ,2025-07-12,0.7
56,87.10850415238548,4,5293.288455243056,0.5,OslldC9OLP,Will Blue Origin beat SpaceX to land safely on the moon?,https://manifold.markets/IsaacKing/will-blue-origin-beat-spacex-to-lan,2025-07-12,0.89
53,81.5218090698594,3,513.0409733217592,0.5,Q8OSSLc8q5,Entity Framework Core v11 contains SQL MERGE support?,https://manifold.markets/stdlaunder/entity-framework-core-v11-contains,2025-07-12,0.95
69,2985.397569273093,36,2.9779497800925925,0.5,L85qpUSZlN,"Will Netflix stock be lower on August 24, 2025, than on July 9, 2025?",https://manifold.markets/RiccardoBoscariol/will-netflix-stock-be-lower-on-augu,2025-07-12,0.59
56,50.452282337946045,4,179.33659253472223,0.5,qEupP26cSq,Friendly match between Russia and Argentina by EOY 2025?,https://manifold.markets/Charlie/friendly-match-between-russia-and-a,2025-07-12,0.83
48,382.09039023724745,9,910.3928813425925,0.5,NdLl2Ls50L,Will this “Trump 2020” sign still be up in 2028?,https://manifold.markets/thepurplebull/will-this-trump-2020-sign-still-be,2025-07-12,1.0
88,12368.508970645302,34,178.47033763888888,0.5,cuNZtsNA5Q,[MANA BOUNTY + USD BOUNTY] Will Manifold help me land a role I'm happy with by EOY 2025?,https://manifold.markets/vlada/mana-bounty-usd-bounty-will-manifol,2025-07-12,0.57
63,59.393599011613404,4,544.4838575925926,0.5,sCOn9NNcQU,Goku Achieves Transformation Beyond Ultra Instinct before 2027?,https://manifold.markets/No_uh/goku-achieves-transformation-beyond,2025-07-12,0.9
71,1315.2776902856829,21,365.9955791435185,0.5,5LPnglRlIO,Jane Street guilty of Indian market manipulation or settles for $100M+?,https://manifold.markets/palcu/jane-street-guilty-of-indian-market,2025-07-12,0.75
84,50.9776906523364,3,1640.567731226852,0.5,Eh2pSA0UtR,One more fight of Russian footballers in CoffeeMania on Nikitskaya Street until 2030,https://manifold.markets/chepostavit/one-more-fight-of-russian-footballe,2025-07-12,0.95
54,3878.757212604891,6,179.68275752314815,0.5,SU96966lOt,Will I regularly post on my history blog through 2025?,https://manifold.markets/OlegEterevsky/will-i-regularly-post-on-my-history,2025-07-12,0.83
46,59.0,2,0.9995232638888889,0.5,8z0809PzZs,Is the Kakube the most OP one piece technique?,https://manifold.markets/Kakube/is-the-kakube-the-most-op-one-piece,2025-07-12,0.8
34,100.41104172409902,7,325.7980623263889,0.5,pOgIdcUI9p,"GTA 6 delayed past May 26th, 2026?",https://manifold.markets/egga22/gta-6-delayed-past-may-26th-2026,2025-07-12,0.85
36,160.6865044795727,5,544.8104714814815,0.5,QdlqLSQqZ0,Will I qualify for USA(J)MO in 2026?,https://manifold.markets/aaron10/will-i-qualify-for-usajmo-in-2026,2025-07-12,0.95
41,1515.5692872440081,12,349.8404724537037,0.5,9PRhPCPIdl,will portugal win the fifa world cup 2026,https://manifold.markets/lomiboii/will-portugal-win-the-fifa-world-cu,2025-07-12,0.98
55,459.5864717066459,16,23.215133981481483,0.5,tc8st0uIdz,The average value for the bids of this question >= 1000,https://manifold.markets/ZandaZhu/the-average-value-for-the-bids-of-t,2025-07-12,0.81
42,128761.29604832872,160,6.9994775925925925,0.5,tAylSUyCuA,Humanity’s Last Exam lists grok 4 at 45%+?,https://manifold.markets/Bayesian/humanitys-last-exam-lists-grok-4-at,2025-07-12,0.53
56,90.7874934570135,6,179.99021050925927,0.5,9UydcAlnSC,Kramer Intelligence released on Microsoft Store by 2026?,https://manifold.markets/dvkramer/kramer-intelligence-released-on-mic,2025-07-12,0.89
78,27.108504152385485,2,7.022062395833333,0.5,OIPUgqtg8g,"Major art institution hosts creative struggles exhibit before October 1, 2025?",https://manifold.markets/onemanaboveall/major-art-institution-hosts-creativ,2025-07-12,0.95
69,162.75252316519465,6,545.0441936805555,0.5,N6zPQO6yO5,Kramer Intelligence overtakes Apple Intelligence  by the end of 2026?,https://manifold.markets/dvkramer/kramer-intelligence-overtakes-apple,2025-07-12,0.98
88,1063.2254328939573,4,3651.9979374652776,0.5,zhtlsAPQUn,Will the Tadpole Experiment experiment be independently replicated in the next 10 years?,https://manifold.markets/delton/will-the-tadpole-experiment-experim,2025-07-12,0.99
50,955.8367293317149,19,27.87557005787037,0.5,QtRuptCgCZ,Trump approval rating 45% or higher on August 1st?,https://manifold.markets/Jubs/trump-approval-rating-45-or-higher-hINlldhCqO,2025-07-12,0.82
49,44.0,3,1641.1260447337963,0.5,82pCCZISLh,C-17 production line reopening announced by 2030?,https://manifold.markets/JohnofCharleston/c17-production-line-reopening-annou,2025-07-12,0.9
98,1390.7707348205,12,179.03246677083334,0.5,zyOhpu989R,A law should be passed so that anyone above 45 years of age is not allowed to become a politician.,https://manifold.markets/Bluebirdd/a-law-should-be-passed-so-that-anyo,2025-07-12,0.98
67,39.0,4,1276.4106209953704,0.5,OlA96L02L2,Will Bears Ears National Monument shrink again during Trump2 admin?,https://manifold.markets/AutopoieticErgodicity/will-bears-ears-national-monument-s,2025-07-12,0.92
52,1134.8405630976279,6,36.239321724537035,0.5,zP6dQQSz0z,Will 'One Piece' Day 2025 announce a new anime film?,https://manifold.markets/AjAmbrosejunior/will-one-piece-day-2025-announce-a,2025-07-12,1.0
53,1024.0,8,545.2726856712962,0.5,hZquCUqOP6,Will Trump claim election fraud in the 2026 midterms?,https://manifold.markets/hidetzugu/will-trump-claim-election-fraud-in,2025-07-12,1.0
40,64.0,4,910.2937724074075,0.5,yZ0lyN2tcg,Will physint release by the end of 2027?,https://manifold.markets/strutheo/will-physint-release-by-the-end-of,2025-07-12,0.88
97,1111.4846569512622,3,544.8393938541667,0.5,CUn80ZIp0z,Will the Portuguese ex-prime-minister José Sócrates serve time in prison due to Operação Marquês?,https://manifold.markets/silva95gustavo/will-the-portuguese-exprimeminister,2025-07-12,0.99
79,413.90822623054464,7,33.99816940972222,0.5,QgIs6S2N9l,Will Trump be mentioned in some way on Jid’s upcoming album God Does Like Ugly?,https://manifold.markets/MBZZ92/will-trump-be-mentioned-in-some-way,2025-07-12,1.0
56,1041.695529704189,28,514.3912970601851,0.5,q9yNPEqAd8,"Will 2026 turnout exceed 2022? (US midterms, percentage)",https://manifold.markets/EvanDaniel/will-2026-turnout-exceed-2022-us-mi,2025-07-12,0.71
30,363.6886242772866,7,736.9994622916666,0.5,OS8Nzglz6y,Max Verstappen joins Mercedes?,https://manifold.markets/PrijwalNaidu/max-verstappen-joins-mercedes,2025-07-12,0.9
49,588.9291710399401,22,1641.856279710648,0.5,lQl2h0pApI,AI solves a Millennium Prize Problem before 2030?,https://manifold.markets/waitblock/ai-solves-a-millennium-prize-proble,2025-07-12,0.77
66,209.35464024007027,4,4563.906356597222,0.5,ENCyQ26P2n,Will Macron begin a third term as President of France before 2038?,https://manifold.markets/JoshuaWilkes/will-macron-begin-a-third-term-as-p,2025-07-12,0.95
105,182.80588757571093,12,910.9440722916667,0.5,C85AydlEdI,Will the United States Space Force suffer their first death of a guardian on duty before the end of 2027?,https://manifold.markets/strutheo/will-the-united-states-space-force-RunI2LR8S5,2025-07-12,0.98
36,1583.9999999999998,4,364.99909039351854,0.5,Ucpt6ZChnp,Delivery Ritalin exists in one year?,https://manifold.markets/MichaelBlume/delivery-ritalin-exists-in-one-year,2025-07-12,0.98
51,688.5786212844574,10,181.98365262731483,0.5,I9gOZRPZsn,Will Hasan Piker be banned from Twitch before 2026?,https://manifold.markets/ScottO/will-hasan-piker-be-banned-from-twi,2025-07-12,0.98
57,834.0,5,546.0445519907407,0.5,lnQUg6uld6,Frontier Valley breaks ground in the Bay Area by EOY2026?,https://manifold.markets/npfoss/frontier-valley-breaks-ground-in-th,2025-07-12,0.93
61,6888.88043989164,19,1095.999546261574,0.5,ducyLyC2nI,"Luffy bounty reaches  5 billion after the egg head incident 
",https://manifold.markets/HarshSidhu/luffy-bounty-reaches-10-billion,2025-07-12,0.52
115,117.99999999999955,3,577.081843900463,0.5,ZmfxgvtJgc,"Will ""Authors Have a Responsibility to Communicate ..."" make the top fifty posts in LessWrong's 2025 Annual Review?",https://manifold.markets/LessWrong/will-authors-have-a-responsibility,2025-07-12,0.98
69,204.29713645194698,9,181.04150028935186,0.5,tSNNhsqlO2,At the end of destiny's research will he think covid came from a lab?,https://manifold.markets/strutheo/at-the-end-of-destinys-research-wil,2025-07-12,0.97
114,27.108504152385485,2,1489.0975620138888,0.5,znuZhglRU6,I haven't decided yet but I I'll resolve this market either YES or NO depending on various comments and influences,https://manifold.markets/Lorelai/i-havent-decided-yet-but-i-ill-reso,2025-07-12,0.95
42,670.1282688530939,16,182.0324780787037,0.5,2ucgdL5t0y,RG gets at least 21 points on USA IMO TST?,https://manifold.markets/AmoghAkella/rg-gets-at-least-21-points-on-usa-i,2025-07-12,0.8
117,408.4947033000938,12,181.18618335648148,0.5,nONRAIsL82,Will Google issue an employee memo saying 'AI is no longer optional' for developers similar to Microsoft by EOY 2025?,https://manifold.markets/strutheo/will-google-issue-an-employee-memo,2025-07-12,0.99
82,152.70965945396415,9,911.1896572222222,0.5,pzl8ILuRp8,Will aella sell an officially branded and manufactured sex toy by the end of 2027?,https://manifold.markets/strutheo/will-aella-sell-an-officially-brand,2025-07-12,0.98
91,115.6370161407881,4,546.2200454976852,0.5,l00Cp8Iuqn,Will connectomics data generation costs drop below $1 million per cubic millimeter by 2027?,https://manifold.markets/Thomas42/will-connectomics-data-generation-c,2025-07-12,0.98
107,1058.8998410510633,18,28.2270721875,0.5,p0spPd2ZhO,I will resolve this market NO at the end of July unless Joshua's and Shuckle's markets resolve the same way,https://manifold.markets/Marnix/i-will-resolve-this-market-no-at-th-dP5ULQSUNu,2025-07-12,0.81
52,60.59396662317879,2,181.26565015046296,0.5,UCIuUsutI2,Will jstlk lose kick partnership by the end of 2025?,https://manifold.markets/strutheo/will-jstlk-lose-kick-partnership-by,2025-07-12,0.84
82,58.753979296575345,3,364.99850121527777,0.5,qt86OChO9c,Would allowing users to vote on Ten Today’s features lead to improved performance?,https://manifold.markets/TenTodayWednesday/would-allowing-users-to-vote-on-ten,2025-07-12,0.95
28,935.5719411302293,21,6.998556678240741,0.5,IIlzt6SIsn,Nuclear war in next 5 years?,https://manifold.markets/Bluebirdd/nuclear-war-in-next-5-years,2025-07-12,0.72
